<?xml version='1.0' encoding='UTF-8'?>
<?artifactRepository version='1.1.0'?>
<repository name='Bundle pool' type='org.eclipse.equinox.p2.artifact.repository.simpleRepository' version='1'>
  <properties size='2'>
    <property name='p2.system' value='true'/>
    <property name='p2.timestamp' value='1510828228416'/>
  </properties>
  <mappings size='3'>
    <rule filter='(&amp; (classifier=osgi.bundle))' output='${repoUrl}/plugins/${id}_${version}.jar'/>
    <rule filter='(&amp; (classifier=binary))' output='${repoUrl}/binary/${id}_${version}'/>
    <rule filter='(&amp; (classifier=org.eclipse.update.feature))' output='${repoUrl}/features/${id}_${version}.jar'/>
  </mappings>
  <artifacts size='235'>
    <artifact classifier='osgi.bundle' id='org.hamcrest.core' version='1.3.0.v201303031735'>
      <properties size='1'>
        <property name='download.size' value='55198'/>
      </properties>
    </artifact>
    <artifact classifier='osgi.bundle' id='org.eclipse.core.filesystem.java7' version='1.0.100.v20150423-0754'>
      <properties size='1'>
        <property name='download.size' value='17111'/>
      </properties>
    </artifact>
    <artifact classifier='osgi.bundle' id='org.eclipse.equinox.p2.repository' version='2.3.100.v20150428-1613'>
      <properties size='1'>
        <property name='download.size' value='131666'/>
      </properties>
    </artifact>
    <artifact classifier='osgi.bundle' id='org.eclipse.ui.externaltools' version='3.3.0.v20150302-1002'>
      <properties size='1'>
        <property name='download.size' value='147800'/>
      </properties>
    </artifact>
    <artifact classifier='osgi.bundle' id='com.fasterxml.jackson.core.jackson-core' version='2.5.0.v201504151636'>
      <properties size='1'>
        <property name='download.size' value='239692'/>
      </properties>
    </artifact>
    <artifact classifier='osgi.bundle' id='org.eclipse.ui.ide' version='3.11.0.v20150825-2158'>
      <properties size='1'>
        <property name='download.size' value='2352960'/>
      </properties>
    </artifact>
    <artifact classifier='osgi.bundle' id='org.eclipse.jface.text' version='3.10.0.v20150603-1752'>
      <properties size='1'>
        <property name='download.size' value='1016704'/>
      </properties>
    </artifact>
    <artifact classifier='osgi.bundle' id='org.eclipse.equinox.p2.jarprocessor' version='1.0.400.v20150430-1836'>
      <properties size='1'>
        <property name='download.size' value='68720'/>
      </properties>
    </artifact>
    <artifact classifier='osgi.bundle' id='org.eclipse.core.databinding' version='1.5.0.v20150422-0725'>
      <properties size='1'>
        <property name='download.size' value='200337'/>
      </properties>
    </artifact>
    <artifact classifier='osgi.bundle' id='org.eclipse.e4.ui.css.core' version='0.11.0.v20150511-1937'>
      <properties size='1'>
        <property name='download.size' value='212740'/>
      </properties>
    </artifact>
    <artifact classifier='osgi.bundle' id='eu.vicci.process.editor.app' version='1.0.0.201711161028'>
      <properties size='1'>
        <property name='download.size' value='71863'/>
      </properties>
    </artifact>
    <artifact classifier='osgi.bundle' id='org.eclipse.debug.ui' version='3.11.101.v20160203-1230'>
      <properties size='1'>
        <property name='download.size' value='2893269'/>
      </properties>
    </artifact>
    <artifact classifier='osgi.bundle' id='org.sat4j.core' version='2.3.5.v201308161310'>
      <properties size='1'>
        <property name='download.size' value='362968'/>
      </properties>
    </artifact>
    <artifact classifier='osgi.bundle' id='com.fasterxml.jackson.core.jackson-databind' version='2.5.0.v201504151636'>
      <properties size='1'>
        <property name='download.size' value='1180012'/>
      </properties>
    </artifact>
    <artifact classifier='osgi.bundle' id='org.eclipse.core.variables' version='3.2.800.v20130819-1716'>
      <properties size='1'>
        <property name='download.size' value='34860'/>
      </properties>
    </artifact>
    <artifact classifier='osgi.bundle' id='org.eclipse.net4j.util' version='3.5.1.v20160209-1622'>
      <properties size='1'>
        <property name='download.size' value='1017620'/>
      </properties>
    </artifact>
    <artifact classifier='osgi.bundle' id='org.apache.batik.svggen' version='1.7.0.v201011041433'>
      <properties size='1'>
        <property name='download.size' value='242045'/>
      </properties>
    </artifact>
    <artifact classifier='osgi.bundle' id='org.eclipse.gmf.runtime.diagram.core' version='1.7.0.201506060219'>
      <properties size='1'>
        <property name='download.size' value='132023'/>
      </properties>
    </artifact>
    <artifact classifier='osgi.bundle' id='org.eclipse.gmf.runtime.common.ui' version='1.8.1.201506060219'>
      <properties size='1'>
        <property name='download.size' value='256862'/>
      </properties>
    </artifact>
    <artifact classifier='osgi.bundle' id='io.netty.handler' version='4.0.24.Final'>
      <properties size='1'>
        <property name='download.size' value='139530'/>
      </properties>
    </artifact>
    <artifact classifier='osgi.bundle' id='org.eclipse.gmf.runtime.diagram.ui' version='1.8.0.201506060219'>
      <properties size='1'>
        <property name='download.size' value='1191225'/>
      </properties>
    </artifact>
    <artifact classifier='osgi.bundle' id='org.eclipse.emf.ecp.view.model' version='1.8.0.20160216-1319'>
      <properties size='1'>
        <property name='download.size' value='116219'/>
      </properties>
    </artifact>
    <artifact classifier='osgi.bundle' id='org.apache.batik.ext.awt' version='1.7.0.v201011041433'>
      <properties size='1'>
        <property name='download.size' value='580165'/>
      </properties>
    </artifact>
    <artifact classifier='osgi.bundle' id='org.eclipse.equinox.p2.director.app' version='1.0.400.v20150423-1455'>
      <properties size='1'>
        <property name='download.size' value='51713'/>
      </properties>
    </artifact>
    <artifact classifier='osgi.bundle' id='org.eclipse.equinox.p2.artifact.repository' version='1.1.400.v20150513-2116'>
      <properties size='1'>
        <property name='download.size' value='140039'/>
      </properties>
    </artifact>
    <artifact classifier='osgi.bundle' id='org.tukaani.xz' version='1.3.0.v201308270617'>
      <properties size='1'>
        <property name='download.size' value='109753'/>
      </properties>
    </artifact>
    <artifact classifier='osgi.bundle' id='org.eclipse.emf.ecp.edit.swt' version='1.8.0.20160216-1319'>
      <properties size='1'>
        <property name='download.size' value='226269'/>
      </properties>
    </artifact>
    <artifact classifier='osgi.bundle' id='org.apache.batik.css' version='1.7.0.v201011041433'>
      <properties size='1'>
        <property name='download.size' value='356012'/>
      </properties>
    </artifact>
    <artifact classifier='osgi.bundle' id='org.eclipse.e4.ui.services' version='1.2.0.v20150422-0725'>
      <properties size='1'>
        <property name='download.size' value='26519'/>
      </properties>
    </artifact>
    <artifact classifier='osgi.bundle' id='org.eclipse.sirius.ext.gmf.runtime' version='3.1.4.201602091241'>
      <properties size='1'>
        <property name='download.size' value='25955'/>
      </properties>
    </artifact>
    <artifact classifier='osgi.bundle' id='org.eclipse.ltk.ui.refactoring' version='3.7.200.v20140625-1835'>
      <properties size='1'>
        <property name='download.size' value='458758'/>
      </properties>
    </artifact>
    <artifact classifier='osgi.bundle' id='org.eclipse.equinox.event' version='1.3.100.v20140115-1647'>
      <properties size='1'>
        <property name='download.size' value='32352'/>
      </properties>
    </artifact>
    <artifact classifier='osgi.bundle' id='org.eclipse.core.net' version='1.2.300.v20141118-1725'>
      <properties size='1'>
        <property name='download.size' value='71284'/>
      </properties>
    </artifact>
    <artifact classifier='osgi.bundle' id='org.eclipse.equinox.preferences' version='3.5.300.v20150408-1437'>
      <properties size='1'>
        <property name='download.size' value='128643'/>
      </properties>
    </artifact>
    <artifact classifier='osgi.bundle' id='org.eclipse.emf.ecp.common' version='1.8.0.20160216-1319'>
      <properties size='1'>
        <property name='download.size' value='25910'/>
      </properties>
    </artifact>
    <artifact classifier='osgi.bundle' id='org.eclipse.emf.edit' version='2.11.1.v20160208-0841'>
      <properties size='1'>
        <property name='download.size' value='278988'/>
      </properties>
    </artifact>
    <artifact classifier='osgi.bundle' id='eu.vicci.process.graphiti.adapter.view' version='1.0.0.201711161028'>
      <properties size='1'>
        <property name='download.size' value='50111'/>
      </properties>
    </artifact>
    <artifact classifier='osgi.bundle' id='org.eclipse.ui.ide.application' version='1.1.0.v20150422-0725'>
      <properties size='1'>
        <property name='download.size' value='82018'/>
      </properties>
    </artifact>
    <artifact classifier='osgi.bundle' id='org.eclipse.equinox.launcher' version='1.3.100.v20150511-1540'>
      <properties size='1'>
        <property name='download.size' value='50527'/>
      </properties>
    </artifact>
    <artifact classifier='osgi.bundle' id='org.eclipse.e4.ui.model.workbench' version='1.1.100.v20150407-1430'>
      <properties size='1'>
        <property name='download.size' value='376758'/>
      </properties>
    </artifact>
    <artifact classifier='osgi.bundle' id='org.eclipse.core.resources' version='3.10.1.v20150725-1910'>
      <properties size='1'>
        <property name='download.size' value='884203'/>
      </properties>
    </artifact>
    <artifact classifier='osgi.bundle' id='jackson-core-asl' version='1.9.13'>
      <properties size='1'>
        <property name='download.size' value='232248'/>
      </properties>
    </artifact>
    <artifact classifier='osgi.bundle' id='org.junit' version='4.12.0.v201504281640'>
      <properties size='1'>
        <property name='download.size' value='291025'/>
      </properties>
      <repositoryProperties size='1'>
        <property name='artifact.folder' value='true'/>
      </repositoryProperties>
    </artifact>
    <artifact classifier='osgi.bundle' id='org.eclipse.equinox.bidi' version='0.10.0.v20130327-1442'>
      <properties size='1'>
        <property name='download.size' value='48549'/>
      </properties>
    </artifact>
    <artifact classifier='osgi.bundle' id='ws.wamp.jawampa.netty' version='0.4.2'>
      <properties size='1'>
        <property name='download.size' value='48592'/>
      </properties>
    </artifact>
    <artifact classifier='osgi.bundle' id='org.eclipse.equinox.p2.repository.tools' version='2.1.100.v20150423-1455'>
      <properties size='1'>
        <property name='download.size' value='239219'/>
      </properties>
    </artifact>
    <artifact classifier='osgi.bundle' id='org.eclipse.e4.ui.widgets' version='1.1.0.v20150427-1751'>
      <properties size='1'>
        <property name='download.size' value='14311'/>
      </properties>
    </artifact>
    <artifact classifier='osgi.bundle' id='org.eclipse.equinox.common' version='3.7.0.v20150402-1709'>
      <properties size='1'>
        <property name='download.size' value='111675'/>
      </properties>
    </artifact>
    <artifact classifier='osgi.bundle' id='org.eclipse.equinox.p2.operations' version='2.4.100.v20150423-1455'>
      <properties size='1'>
        <property name='download.size' value='75972'/>
      </properties>
    </artifact>
    <artifact classifier='osgi.bundle' id='org.eclipse.gmf.runtime.draw2d.ui.render' version='1.7.0.201506060219'>
      <properties size='1'>
        <property name='download.size' value='48305'/>
      </properties>
    </artifact>
    <artifact classifier='osgi.bundle' id='com.predic8.soa-model-core' version='1.5.0'>
      <properties size='1'>
        <property name='download.size' value='1911724'/>
      </properties>
    </artifact>
    <artifact classifier='osgi.bundle' id='org.eclipse.gmf.runtime.gef.ui' version='1.7.0.201506060219'>
      <properties size='1'>
        <property name='download.size' value='100910'/>
      </properties>
    </artifact>
    <artifact classifier='osgi.bundle' id='org.eclipse.emf.common' version='2.11.1.v20160208-0816'>
      <properties size='1'>
        <property name='download.size' value='357662'/>
      </properties>
    </artifact>
    <artifact classifier='osgi.bundle' id='org.eclipse.emf.databinding.edit' version='1.3.0.v20160208-0841'>
      <properties size='1'>
        <property name='download.size' value='51081'/>
      </properties>
    </artifact>
    <artifact classifier='osgi.bundle' id='org.eclipse.equinox.util' version='1.0.500.v20130404-1337'>
      <properties size='1'>
        <property name='download.size' value='77932'/>
      </properties>
    </artifact>
    <artifact classifier='osgi.bundle' id='org.eclipse.update.configurator' version='3.3.300.v20140518-1928'>
      <properties size='1'>
        <property name='download.size' value='101014'/>
      </properties>
    </artifact>
    <artifact classifier='osgi.bundle' id='org.eclipse.team.ui' version='3.7.200.v20150203-1452'>
      <properties size='1'>
        <property name='download.size' value='1440361'/>
      </properties>
    </artifact>
    <artifact classifier='osgi.bundle' id='org.eclipse.equinox.security.ui' version='1.1.201.v20150803-1228'>
      <properties size='1'>
        <property name='download.size' value='186027'/>
      </properties>
    </artifact>
    <artifact classifier='osgi.bundle' id='org.eclipse.graphiti.mm' version='0.12.2.v20160120-1255'>
      <properties size='1'>
        <property name='download.size' value='220911'/>
      </properties>
    </artifact>
    <artifact classifier='osgi.bundle' id='io.netty.codec' version='4.0.24.Final'>
      <properties size='1'>
        <property name='download.size' value='141183'/>
      </properties>
    </artifact>
    <artifact classifier='osgi.bundle' id='org.eclipse.emf.ecp.edit' version='1.8.0.20160216-1319'>
      <properties size='1'>
        <property name='download.size' value='39657'/>
      </properties>
    </artifact>
    <artifact classifier='osgi.bundle' id='org.eclipse.graphiti' version='0.12.2.v20160120-1255'>
      <properties size='1'>
        <property name='download.size' value='322460'/>
      </properties>
    </artifact>
    <artifact classifier='osgi.bundle' id='eu.vicci.process.client' version='1.0.0.201711161028'>
      <properties size='1'>
        <property name='download.size' value='90978'/>
      </properties>
    </artifact>
    <artifact classifier='osgi.bundle' id='org.eclipse.e4.core.di' version='1.5.0.v20150421-2214'>
      <properties size='1'>
        <property name='download.size' value='51686'/>
      </properties>
    </artifact>
    <artifact classifier='osgi.bundle' id='org.eclipse.ui.workbench.texteditor' version='3.9.100.v20141023-1946'>
      <properties size='1'>
        <property name='download.size' value='587218'/>
      </properties>
    </artifact>
    <artifact classifier='osgi.bundle' id='org.eclipse.osgi' version='3.10.102.v20160118-1700'>
      <properties size='1'>
        <property name='download.size' value='1307562'/>
      </properties>
    </artifact>
    <artifact classifier='osgi.bundle' id='org.eclipse.ui.trace' version='1.0.300.v20150220-1252'>
      <properties size='1'>
        <property name='download.size' value='70021'/>
      </properties>
    </artifact>
    <artifact classifier='osgi.bundle' id='org.w3c.dom.events' version='3.0.0.draft20060413_v201105210656'>
      <properties size='1'>
        <property name='download.size' value='18205'/>
      </properties>
    </artifact>
    <artifact classifier='osgi.bundle' id='org.eclipse.core.runtime' version='3.11.1.v20150903-1804'>
      <properties size='1'>
        <property name='download.size' value='78923'/>
      </properties>
    </artifact>
    <artifact classifier='osgi.bundle' id='org.eclipse.equinox.p2.metadata' version='2.3.0.v20150511-1532'>
      <properties size='1'>
        <property name='download.size' value='342666'/>
      </properties>
    </artifact>
    <artifact classifier='osgi.bundle' id='com.netflix.feign.core' version='8.18.0'>
      <properties size='1'>
        <property name='download.size' value='91581'/>
      </properties>
    </artifact>
    <artifact classifier='osgi.bundle' id='org.eclipse.emf.workspace' version='1.5.1.201506010221'>
      <properties size='1'>
        <property name='download.size' value='85807'/>
      </properties>
    </artifact>
    <artifact classifier='osgi.bundle' id='org.eclipse.e4.ui.bindings' version='0.11.0.v20150422-0725'>
      <properties size='1'>
        <property name='download.size' value='49705'/>
      </properties>
    </artifact>
    <artifact classifier='osgi.bundle' id='org.eclipse.sirius.ext.draw2d' version='3.1.4.201602091241'>
      <properties size='1'>
        <property name='download.size' value='16696'/>
      </properties>
    </artifact>
    <artifact classifier='osgi.bundle' id='org.eclipse.emf.ecp.application.e4' version='1.8.0.20160216-1319'>
      <properties size='1'>
        <property name='download.size' value='27661'/>
      </properties>
    </artifact>
    <artifact classifier='osgi.bundle' id='org.eclipse.core.expressions' version='3.5.0.v20150421-2214'>
      <properties size='1'>
        <property name='download.size' value='90250'/>
      </properties>
    </artifact>
    <artifact classifier='osgi.bundle' id='org.eclipse.emf.edit.ui' version='2.11.1.v20160208-0841'>
      <properties size='1'>
        <property name='download.size' value='237427'/>
      </properties>
    </artifact>
    <artifact classifier='osgi.bundle' id='org.apache.batik.util' version='1.7.0.v201011041433'>
      <properties size='1'>
        <property name='download.size' value='158140'/>
      </properties>
    </artifact>
    <artifact classifier='osgi.bundle' id='org.eclipse.e4.ui.css.swt' version='0.12.0.v20150511-1003'>
      <properties size='1'>
        <property name='download.size' value='220646'/>
      </properties>
    </artifact>
    <artifact classifier='osgi.bundle' id='org.eclipse.e4.core.di.extensions' version='0.13.0.v20150421-2214'>
      <properties size='1'>
        <property name='download.size' value='28475'/>
      </properties>
    </artifact>
    <artifact classifier='osgi.bundle' id='org.eclipse.emf.ecp.common.ui' version='1.8.0.20160216-1319'>
      <properties size='1'>
        <property name='download.size' value='52753'/>
      </properties>
    </artifact>
    <artifact classifier='osgi.bundle' id='io.netty.common' version='4.0.24.Final'>
      <properties size='1'>
        <property name='download.size' value='409245'/>
      </properties>
    </artifact>
    <artifact classifier='osgi.bundle' id='com.google.guava' version='15.0.0.v201403281430'>
      <properties size='1'>
        <property name='download.size' value='2264167'/>
      </properties>
    </artifact>
    <artifact classifier='osgi.bundle' id='org.apache.httpcomponents.httpcore' version='4.4.1'>
      <properties size='1'>
        <property name='download.size' value='327145'/>
      </properties>
    </artifact>
    <artifact classifier='osgi.bundle' id='org.eclipse.emf.ecp.view.template.model' version='1.8.0.20160216-1319'>
      <properties size='1'>
        <property name='download.size' value='212975'/>
      </properties>
    </artifact>
    <artifact classifier='osgi.bundle' id='org.eclipse.gmf.runtime.common.ui.action' version='1.7.0.201506060219'>
      <properties size='1'>
        <property name='download.size' value='100892'/>
      </properties>
    </artifact>
    <artifact classifier='osgi.bundle' id='com.fasterxml.jackson.core.jackson-annotations' version='2.5.0.v201504151636'>
      <properties size='1'>
        <property name='download.size' value='49928'/>
      </properties>
    </artifact>
    <artifact classifier='osgi.bundle' id='org.eclipse.jface' version='3.11.1.v20160128-1644'>
      <properties size='1'>
        <property name='download.size' value='1189869'/>
      </properties>
    </artifact>
    <artifact classifier='osgi.bundle' id='org.eclipse.search' version='3.10.0.v20150318-0856'>
      <properties size='1'>
        <property name='download.size' value='477602'/>
      </properties>
    </artifact>
    <artifact classifier='osgi.bundle' id='org.eclipse.compare.core' version='3.5.500.v20150505-1058'>
      <properties size='1'>
        <property name='download.size' value='63692'/>
      </properties>
    </artifact>
    <artifact classifier='osgi.bundle' id='org.eclipse.e4.core.di.annotations' version='1.4.0.v20150528-1451'>
      <properties size='1'>
        <property name='download.size' value='10680'/>
      </properties>
    </artifact>
    <artifact classifier='osgi.bundle' id='org.eclipse.emfforms.swt.core' version='1.8.0.20160216-1319'>
      <properties size='1'>
        <property name='download.size' value='30146'/>
      </properties>
    </artifact>
    <artifact classifier='osgi.bundle' id='org.eclipse.graphiti.export.batik' version='0.12.2.v20160120-1255'>
      <properties size='1'>
        <property name='download.size' value='27624'/>
      </properties>
    </artifact>
    <artifact classifier='osgi.bundle' id='org.eclipse.osgi.compatibility.state' version='1.0.100.v20150402-1551'>
      <properties size='1'>
        <property name='download.size' value='241527'/>
      </properties>
    </artifact>
    <artifact classifier='osgi.bundle' id='io.netty.buffer' version='4.0.24.Final'>
      <properties size='1'>
        <property name='download.size' value='166755'/>
      </properties>
    </artifact>
    <artifact classifier='osgi.bundle' id='javax.inject' version='1.0.0.v20091030'>
      <properties size='1'>
        <property name='download.size' value='16996'/>
      </properties>
    </artifact>
    <artifact classifier='osgi.bundle' id='org.eclipse.core.databinding.beans' version='1.3.0.v20150422-0725'>
      <properties size='1'>
        <property name='download.size' value='79096'/>
      </properties>
    </artifact>
    <artifact classifier='osgi.bundle' id='org.eclipse.equinox.security' version='1.2.100.v20150423-1356'>
      <properties size='1'>
        <property name='download.size' value='108521'/>
      </properties>
    </artifact>
    <artifact classifier='osgi.bundle' id='eu.vicci.process.editor.logging' version='1.0.0.201711161028'>
      <properties size='1'>
        <property name='download.size' value='2529'/>
      </properties>
    </artifact>
    <artifact classifier='osgi.bundle' id='org.eclipse.e4.ui.workbench3' version='0.13.0.v20150422-0725'>
      <properties size='1'>
        <property name='download.size' value='9889'/>
      </properties>
    </artifact>
    <artifact classifier='osgi.bundle' id='org.eclipse.osgi.services' version='3.5.0.v20150519-2006'>
      <properties size='1'>
        <property name='download.size' value='110093'/>
      </properties>
    </artifact>
    <artifact classifier='osgi.bundle' id='org.eclipse.e4.ui.workbench.addons.swt' version='1.2.0.v20150512-1414'>
      <properties size='1'>
        <property name='download.size' value='146328'/>
      </properties>
    </artifact>
    <artifact classifier='osgi.bundle' id='org.eclipse.gmf.runtime.notation' version='1.8.0.201505312221'>
      <properties size='1'>
        <property name='download.size' value='381411'/>
      </properties>
    </artifact>
    <artifact classifier='osgi.bundle' id='org.eclipse.e4.ui.workbench.swt' version='0.13.0.v20150504-0621'>
      <properties size='1'>
        <property name='download.size' value='181935'/>
      </properties>
    </artifact>
    <artifact classifier='osgi.bundle' id='org.eclipse.equinox.p2.metadata.repository' version='1.2.200.v20150428-1613'>
      <properties size='1'>
        <property name='download.size' value='119279'/>
      </properties>
    </artifact>
    <artifact classifier='osgi.bundle' id='org.eclipse.gmf.runtime.emf.core' version='1.7.0.201506060219'>
      <properties size='1'>
        <property name='download.size' value='112780'/>
      </properties>
    </artifact>
    <artifact classifier='osgi.bundle' id='org.eclipse.core.filesystem' version='1.5.0.v20150725-1910'>
      <properties size='1'>
        <property name='download.size' value='61505'/>
      </properties>
    </artifact>
    <artifact classifier='osgi.bundle' id='org.eclipse.gmf.runtime.emf.commands.core' version='1.7.0.201506060219'>
      <properties size='1'>
        <property name='download.size' value='27899'/>
      </properties>
    </artifact>
    <artifact classifier='osgi.bundle' id='com.diffplug.osgi.extension.sun.misc' version='0.0.0'>
      <properties size='1'>
        <property name='download.size' value='414'/>
      </properties>
    </artifact>
    <artifact classifier='osgi.bundle' id='jackson-mapper-asl' version='1.9.13'>
      <properties size='1'>
        <property name='download.size' value='780664'/>
      </properties>
    </artifact>
    <artifact classifier='osgi.bundle' id='org.eclipse.gmf.runtime.emf.ui' version='1.7.0.201506060219'>
      <properties size='1'>
        <property name='download.size' value='93032'/>
      </properties>
    </artifact>
    <artifact classifier='osgi.bundle' id='org.eclipse.equinox.p2.director' version='2.3.200.v20150423-1455'>
      <properties size='1'>
        <property name='download.size' value='103538'/>
      </properties>
    </artifact>
    <artifact classifier='osgi.bundle' id='org.eclipse.gmf.runtime.common.ui.services' version='1.9.0.201506060219'>
      <properties size='1'>
        <property name='download.size' value='100030'/>
      </properties>
    </artifact>
    <artifact classifier='osgi.bundle' id='io.netty.codec-http' version='4.0.24.Final'>
      <properties size='1'>
        <property name='download.size' value='420352'/>
      </properties>
    </artifact>
    <artifact classifier='osgi.bundle' id='org.apache.batik.dom' version='1.7.1.v201505191845'>
      <properties size='1'>
        <property name='download.size' value='161125'/>
      </properties>
    </artifact>
    <artifact classifier='osgi.bundle' id='org.eclipse.text' version='3.5.400.v20150505-1044'>
      <properties size='1'>
        <property name='download.size' value='253256'/>
      </properties>
    </artifact>
    <artifact classifier='osgi.bundle' id='org.eclipse.emf.ecore.edit' version='2.9.0.v20160208-0841'>
      <properties size='1'>
        <property name='download.size' value='127939'/>
      </properties>
    </artifact>
    <artifact classifier='osgi.bundle' id='org.eclipse.emf.ecp.ui.e4' version='1.8.0.20160216-1319'>
      <properties size='1'>
        <property name='download.size' value='45509'/>
      </properties>
    </artifact>
    <artifact classifier='osgi.bundle' id='org.eclipse.e4.core.services' version='2.0.0.v20150403-1912'>
      <properties size='1'>
        <property name='download.size' value='53863'/>
      </properties>
    </artifact>
    <artifact classifier='osgi.bundle' id='org.eclipse.equinox.p2.core' version='2.4.0.v20150527-1706'>
      <properties size='1'>
        <property name='download.size' value='72151'/>
      </properties>
    </artifact>
    <artifact classifier='osgi.bundle' id='org.eclipse.e4.core.commands' version='0.11.0.v20150422-0725'>
      <properties size='1'>
        <property name='download.size' value='25679'/>
      </properties>
    </artifact>
    <artifact classifier='osgi.bundle' id='org.eclipse.equinox.p2.engine' version='2.4.0.v20150511-1532'>
      <properties size='1'>
        <property name='download.size' value='206643'/>
      </properties>
    </artifact>
    <artifact classifier='osgi.bundle' id='eu.vicci.process.graphiti' version='1.0.0.201711161028'>
      <properties size='1'>
        <property name='download.size' value='611512'/>
      </properties>
    </artifact>
    <artifact classifier='osgi.bundle' id='org.eclipse.ui.console' version='3.6.100.v20150822-1912'>
      <properties size='1'>
        <property name='download.size' value='191378'/>
      </properties>
    </artifact>
    <artifact classifier='osgi.bundle' id='eu.vicci.openhab.util' version='1.0.0.201711161028'>
      <properties size='1'>
        <property name='download.size' value='16282'/>
      </properties>
    </artifact>
    <artifact classifier='osgi.bundle' id='org.eclipse.draw2d' version='3.10.1.201508170204'>
      <properties size='1'>
        <property name='download.size' value='581077'/>
      </properties>
    </artifact>
    <artifact classifier='osgi.bundle' id='eu.vicci.process.graphiti.execution' version='1.0.0.201711161028'>
      <properties size='1'>
        <property name='download.size' value='119038'/>
      </properties>
    </artifact>
    <artifact classifier='osgi.bundle' id='org.eclipse.emf.ecp.view.model.common' version='1.8.0.20160216-1319'>
      <properties size='1'>
        <property name='download.size' value='32809'/>
      </properties>
    </artifact>
    <artifact classifier='osgi.bundle' id='org.eclipse.e4.ui.di' version='1.1.0.v20150422-0725'>
      <properties size='1'>
        <property name='download.size' value='15670'/>
      </properties>
    </artifact>
    <artifact classifier='osgi.bundle' id='org.eclipse.core.filesystem.linux.x86_64' version='1.2.200.v20140124-1940'>
      <properties size='1'>
        <property name='download.size' value='10610'/>
      </properties>
    </artifact>
    <artifact classifier='osgi.bundle' id='org.eclipse.ui.views.log' version='1.0.600.v20150513-1840'>
      <properties size='1'>
        <property name='download.size' value='145244'/>
      </properties>
    </artifact>
    <artifact classifier='osgi.bundle' id='javax.annotation' version='1.2.0.v201401042248'>
      <properties size='1'>
        <property name='download.size' value='27550'/>
      </properties>
    </artifact>
    <artifact classifier='osgi.bundle' id='org.eclipse.equinox.app' version='1.3.300.v20150423-1356'>
      <properties size='1'>
        <property name='download.size' value='86680'/>
      </properties>
    </artifact>
    <artifact classifier='osgi.bundle' id='org.eclipse.core.jobs' version='3.7.0.v20150330-2103'>
      <properties size='1'>
        <property name='download.size' value='107123'/>
      </properties>
    </artifact>
    <artifact classifier='osgi.bundle' id='org.eclipse.emf.cdo.ecore.retrofit' version='4.2.200.v20150610-1925'>
      <properties size='1'>
        <property name='download.size' value='17973'/>
      </properties>
    </artifact>
    <artifact classifier='osgi.bundle' id='org.eclipse.gmf.runtime.draw2d.ui' version='1.9.0.201506060219'>
      <properties size='1'>
        <property name='download.size' value='313359'/>
      </properties>
    </artifact>
    <artifact classifier='osgi.bundle' id='org.w3c.dom.svg' version='1.1.0.v201011041433'>
      <properties size='1'>
        <property name='download.size' value='97382'/>
      </properties>
    </artifact>
    <artifact classifier='osgi.bundle' id='slf4j.api' version='1.7.13'>
      <properties size='1'>
        <property name='download.size' value='33088'/>
      </properties>
    </artifact>
    <artifact classifier='osgi.bundle' id='org.eclipse.sirius.ext.gmf.notation' version='3.1.4.201602091241'>
      <properties size='1'>
        <property name='download.size' value='7808'/>
      </properties>
    </artifact>
    <artifact classifier='osgi.bundle' id='org.eclipse.equinox.p2.ui' version='2.4.0.v20150425-0422'>
      <properties size='1'>
        <property name='download.size' value='581193'/>
      </properties>
    </artifact>
    <artifact classifier='osgi.bundle' id='org.eclipse.sirius.ext.base' version='3.1.4.201602091241'>
      <properties size='1'>
        <property name='download.size' value='29809'/>
      </properties>
    </artifact>
    <artifact classifier='osgi.bundle' id='org.eclipse.swt' version='3.104.2.v20160212-1350'>
      <properties size='1'>
        <property name='download.size' value='19590'/>
      </properties>
    </artifact>
    <artifact classifier='osgi.bundle' id='org.apache.batik.xml' version='1.7.0.v201011041433'>
      <properties size='1'>
        <property name='download.size' value='47494'/>
      </properties>
    </artifact>
    <artifact classifier='osgi.bundle' id='javax.xml' version='1.3.4.v201005080400'>
      <properties size='1'>
        <property name='download.size' value='252201'/>
      </properties>
    </artifact>
    <artifact classifier='osgi.bundle' id='org.eclipse.swt.gtk.linux.x86_64' version='3.104.2.v20160212-1350'>
      <properties size='1'>
        <property name='download.size' value='2636571'/>
      </properties>
    </artifact>
    <artifact classifier='osgi.bundle' id='org.eclipse.equinox.ds' version='1.4.300.v20150423-1356'>
      <properties size='1'>
        <property name='download.size' value='195728'/>
      </properties>
    </artifact>
    <artifact classifier='osgi.bundle' id='org.apache.commons.jxpath' version='1.3.0.v200911051830'>
      <properties size='1'>
        <property name='download.size' value='315491'/>
      </properties>
    </artifact>
    <artifact classifier='osgi.bundle' id='org.eclipse.core.commands' version='3.7.0.v20150422-0725'>
      <properties size='1'>
        <property name='download.size' value='113716'/>
      </properties>
    </artifact>
    <artifact classifier='osgi.bundle' id='org.apache.batik.util.gui' version='1.7.0.v200903091627'>
      <properties size='1'>
        <property name='download.size' value='212351'/>
      </properties>
    </artifact>
    <artifact classifier='osgi.bundle' id='org.eclipse.equinox.launcher.gtk.linux.x86_64' version='1.1.300.v20150602-1417'>
      <properties size='1'>
        <property name='download.size' value='82125'/>
      </properties>
      <repositoryProperties size='1'>
        <property name='artifact.folder' value='true'/>
      </repositoryProperties>
    </artifact>
    <artifact classifier='osgi.bundle' id='org.eclipse.equinox.p2.garbagecollector' version='1.0.200.v20131115-1210'>
      <properties size='1'>
        <property name='download.size' value='25061'/>
      </properties>
    </artifact>
    <artifact classifier='osgi.bundle' id='org.eclipse.emf.ecp.view.context' version='1.8.0.20160216-1319'>
      <properties size='1'>
        <property name='download.size' value='32972'/>
      </properties>
    </artifact>
    <artifact classifier='osgi.bundle' id='org.eclipse.equinox.concurrent' version='1.1.0.v20130327-1442'>
      <properties size='1'>
        <property name='download.size' value='25493'/>
      </properties>
    </artifact>
    <artifact classifier='osgi.bundle' id='com.ibm.icu' version='54.1.1.v201501272100'>
      <properties size='1'>
        <property name='download.size' value='11411288'/>
      </properties>
    </artifact>
    <artifact classifier='osgi.bundle' id='org.eclipse.equinox.p2.touchpoint.eclipse' version='2.1.300.v20150423-1455'>
      <properties size='1'>
        <property name='download.size' value='127923'/>
      </properties>
    </artifact>
    <artifact classifier='osgi.bundle' id='org.eclipse.gef' version='3.10.1.201508170204'>
      <properties size='1'>
        <property name='download.size' value='867576'/>
      </properties>
    </artifact>
    <artifact classifier='osgi.bundle' id='org.eclipse.gmf.runtime.common.core' version='1.7.0.201506060219'>
      <properties size='1'>
        <property name='download.size' value='115808'/>
      </properties>
    </artifact>
    <artifact classifier='osgi.bundle' id='org.eclipse.emf.ecp.ui' version='1.8.0.20160216-1319'>
      <properties size='1'>
        <property name='download.size' value='199342'/>
      </properties>
    </artifact>
    <artifact classifier='osgi.bundle' id='eu.vicci.process.model' version='1.0.0.201711161028'>
      <properties size='1'>
        <property name='download.size' value='302964'/>
      </properties>
    </artifact>
    <artifact classifier='osgi.bundle' id='io.netty.transport' version='4.0.24.Final'>
      <properties size='1'>
        <property name='download.size' value='310469'/>
      </properties>
    </artifact>
    <artifact classifier='osgi.bundle' id='eu.vicci.process.model.util' version='1.0.0.201711161028'>
      <properties size='1'>
        <property name='download.size' value='114107'/>
      </properties>
    </artifact>
    <artifact classifier='osgi.bundle' id='slf4j.log4j12' version='1.7.13'>
      <properties size='1'>
        <property name='download.size' value='8704'/>
      </properties>
    </artifact>
    <artifact classifier='osgi.bundle' id='org.eclipse.ui.intro' version='3.4.300.v20141007-1449'>
      <properties size='1'>
        <property name='download.size' value='309325'/>
      </properties>
    </artifact>
    <artifact classifier='osgi.bundle' id='org.eclipse.emf.ecore' version='2.11.2.v20160208-0816'>
      <properties size='1'>
        <property name='download.size' value='1190187'/>
      </properties>
    </artifact>
    <artifact classifier='osgi.bundle' id='org.eclipse.core.databinding.observable' version='1.5.0.v20150422-0725'>
      <properties size='1'>
        <property name='download.size' value='311734'/>
      </properties>
    </artifact>
    <artifact classifier='osgi.bundle' id='org.eclipse.ltk.core.refactoring' version='3.6.201.v20150819-1034'>
      <properties size='1'>
        <property name='download.size' value='331895'/>
      </properties>
    </artifact>
    <artifact classifier='osgi.bundle' id='org.eclipse.e4.ui.workbench' version='1.3.1.v20160203-0951'>
      <properties size='1'>
        <property name='download.size' value='289690'/>
      </properties>
    </artifact>
    <artifact classifier='osgi.bundle' id='org.eclipse.emf.validation' version='1.8.0.201505312255'>
      <properties size='1'>
        <property name='download.size' value='411832'/>
      </properties>
    </artifact>
    <artifact classifier='osgi.bundle' id='org.eclipse.graphiti.ui' version='0.12.2.v20160120-1255'>
      <properties size='1'>
        <property name='download.size' value='678480'/>
      </properties>
    </artifact>
    <artifact classifier='osgi.bundle' id='org.eclipse.equinox.frameworkadmin' version='2.0.200.v20150423-1455'>
      <properties size='1'>
        <property name='download.size' value='36365'/>
      </properties>
    </artifact>
    <artifact classifier='osgi.bundle' id='org.eclipse.emf.ecore.xmi' version='2.11.1.v20160208-0816'>
      <properties size='1'>
        <property name='download.size' value='230415'/>
      </properties>
    </artifact>
    <artifact classifier='osgi.bundle' id='org.eclipse.core.externaltools' version='1.0.300.v20140219-0051'>
      <properties size='1'>
        <property name='download.size' value='41853'/>
      </properties>
    </artifact>
    <artifact classifier='osgi.bundle' id='org.eclipse.ui.views.properties.tabbed' version='3.6.100.v20150423-0822'>
      <properties size='1'>
        <property name='download.size' value='107337'/>
      </properties>
    </artifact>
    <artifact classifier='osgi.bundle' id='eu.vicci.process.core' version='1.0.0.201711161028'>
      <properties size='1'>
        <property name='download.size' value='55015'/>
      </properties>
    </artifact>
    <artifact classifier='osgi.bundle' id='org.eclipse.equinox.simpleconfigurator' version='1.1.100.v20150423-1455'>
      <properties size='1'>
        <property name='download.size' value='43279'/>
      </properties>
    </artifact>
    <artifact classifier='osgi.bundle' id='org.eclipse.ui' version='3.107.0.v20150507-1945'>
      <properties size='1'>
        <property name='download.size' value='276456'/>
      </properties>
    </artifact>
    <artifact classifier='osgi.bundle' id='org.eclipse.ui.forms' version='3.6.200.v20150506-2029'>
      <properties size='1'>
        <property name='download.size' value='317993'/>
      </properties>
    </artifact>
    <artifact classifier='osgi.bundle' id='org.apache.commons.logging' version='1.2.0'>
      <properties size='1'>
        <property name='download.size' value='61829'/>
      </properties>
    </artifact>
    <artifact classifier='osgi.bundle' id='org.eclipse.gmf.runtime.common.ui.services.action' version='1.7.0.201506060219'>
      <properties size='1'>
        <property name='download.size' value='118595'/>
      </properties>
    </artifact>
    <artifact classifier='osgi.bundle' id='org.eclipse.equinox.p2.publisher.eclipse' version='1.2.0.v20150601-1708'>
      <properties size='1'>
        <property name='download.size' value='229207'/>
      </properties>
    </artifact>
    <artifact classifier='osgi.bundle' id='org.sat4j.pb' version='2.3.5.v201404071733'>
      <properties size='1'>
        <property name='download.size' value='241956'/>
      </properties>
    </artifact>
    <artifact classifier='osgi.bundle' id='io.reactivex.rxjava' version='1.0.8'>
      <properties size='1'>
        <property name='download.size' value='738300'/>
      </properties>
    </artifact>
    <artifact classifier='osgi.bundle' id='org.eclipse.e4.ui.workbench.renderers.swt' version='0.13.0.v20150901-1347'>
      <properties size='1'>
        <property name='download.size' value='351320'/>
      </properties>
    </artifact>
    <artifact classifier='osgi.bundle' id='org.eclipse.ui.cheatsheets' version='3.4.200.v20131227-1524'>
      <properties size='1'>
        <property name='download.size' value='330373'/>
      </properties>
    </artifact>
    <artifact classifier='osgi.bundle' id='org.eclipse.core.filebuffers' version='3.5.500.v20140723-1040'>
      <properties size='1'>
        <property name='download.size' value='114861'/>
      </properties>
    </artifact>
    <artifact classifier='osgi.bundle' id='com.google.gson' version='2.5.0'>
      <properties size='1'>
        <property name='download.size' value='232482'/>
      </properties>
    </artifact>
    <artifact classifier='osgi.bundle' id='org.eclipse.emf.ecp.view.util.swt' version='1.8.0.20160216-1319'>
      <properties size='1'>
        <property name='download.size' value='12863'/>
      </properties>
    </artifact>
    <artifact classifier='osgi.bundle' id='org.eclipse.emfforms.localization' version='1.8.0.20160216-1319'>
      <properties size='1'>
        <property name='download.size' value='14778'/>
      </properties>
    </artifact>
    <artifact classifier='osgi.bundle' id='org.eclipse.emfforms.core.services' version='1.8.0.20160216-1319'>
      <properties size='1'>
        <property name='download.size' value='45391'/>
      </properties>
    </artifact>
    <artifact classifier='osgi.bundle' id='org.eclipse.debug.core' version='3.10.0.v20150303-1130'>
      <properties size='1'>
        <property name='download.size' value='362280'/>
      </properties>
    </artifact>
    <artifact classifier='osgi.bundle' id='org.eclipse.ui.views' version='3.8.0.v20150422-0725'>
      <properties size='1'>
        <property name='download.size' value='100147'/>
      </properties>
    </artifact>
    <artifact classifier='osgi.bundle' id='org.eclipse.e4.ui.css.swt.theme' version='0.10.0.v20150422-0725'>
      <properties size='1'>
        <property name='download.size' value='26436'/>
      </properties>
    </artifact>
    <artifact classifier='osgi.bundle' id='org.eclipse.emf.ecp.application.e3' version='1.8.0.20160216-1319'>
      <properties size='1'>
        <property name='download.size' value='88949'/>
      </properties>
    </artifact>
    <artifact classifier='osgi.bundle' id='org.eclipse.emf.transaction' version='1.9.0.201506010221'>
      <properties size='1'>
        <property name='download.size' value='171810'/>
      </properties>
    </artifact>
    <artifact classifier='osgi.bundle' id='org.eclipse.graphiti.ui.capabilities' version='0.12.2.v20160120-1255'>
      <properties size='1'>
        <property name='download.size' value='8678'/>
      </properties>
    </artifact>
    <artifact classifier='osgi.bundle' id='org.eclipse.e4.emf.xpath' version='0.1.100.v20150513-0856'>
      <properties size='1'>
        <property name='download.size' value='49032'/>
      </properties>
    </artifact>
    <artifact classifier='osgi.bundle' id='org.eclipse.emf.ecp.core' version='1.8.0.20160216-1319'>
      <properties size='1'>
        <property name='download.size' value='147067'/>
      </properties>
    </artifact>
    <artifact classifier='osgi.bundle' id='org.eclipse.emf.databinding' version='1.3.0.v20160208-0841'>
      <properties size='1'>
        <property name='download.size' value='89558'/>
      </properties>
    </artifact>
    <artifact classifier='osgi.bundle' id='org.eclipse.core.contenttype' version='3.5.0.v20150421-2214'>
      <properties size='1'>
        <property name='download.size' value='99189'/>
      </properties>
    </artifact>
    <artifact classifier='osgi.bundle' id='org.eclipse.gmf.runtime.emf.type.core' version='1.9.0.201506060219'>
      <properties size='1'>
        <property name='download.size' value='189024'/>
      </properties>
    </artifact>
    <artifact classifier='osgi.bundle' id='ws.wamp.jawampa.core' version='0.4.2'>
      <properties size='1'>
        <property name='download.size' value='181122'/>
      </properties>
    </artifact>
    <artifact classifier='osgi.bundle' id='org.msgpack.jackson-dataformat-msgpack' version='0.7.0.p7'>
      <properties size='1'>
        <property name='download.size' value='16348'/>
      </properties>
    </artifact>
    <artifact classifier='osgi.bundle' id='org.eclipse.ui.navigator.resources' version='3.5.1.v20160128-1644'>
      <properties size='1'>
        <property name='download.size' value='151031'/>
      </properties>
    </artifact>
    <artifact classifier='osgi.bundle' id='org.eclipse.help' version='3.6.0.v20130326-1254'>
      <properties size='1'>
        <property name='download.size' value='258927'/>
      </properties>
    </artifact>
    <artifact classifier='osgi.bundle' id='org.eclipse.core.databinding.property' version='1.5.0.v20150422-0725'>
      <properties size='1'>
        <property name='download.size' value='176143'/>
      </properties>
    </artifact>
    <artifact classifier='osgi.bundle' id='org.eclipse.jface.databinding' version='1.7.0.v20150406-2148'>
      <properties size='1'>
        <property name='download.size' value='281453'/>
      </properties>
    </artifact>
    <artifact classifier='osgi.bundle' id='org.eclipse.equinox.registry' version='3.6.0.v20150318-1503'>
      <properties size='1'>
        <property name='download.size' value='182901'/>
      </properties>
    </artifact>
    <artifact classifier='osgi.bundle' id='org.eclipse.emf.ecp.ui.view' version='1.8.0.20160216-1319'>
      <properties size='1'>
        <property name='download.size' value='34993'/>
      </properties>
    </artifact>
    <artifact classifier='osgi.bundle' id='org.eclipse.equinox.frameworkadmin.equinox' version='1.0.600.v20150522-2234'>
      <properties size='1'>
        <property name='download.size' value='63562'/>
      </properties>
    </artifact>
    <artifact classifier='osgi.bundle' id='org.eclipse.emfforms.core.services.editsupport' version='1.8.0.20160216-1319'>
      <properties size='1'>
        <property name='download.size' value='14784'/>
      </properties>
    </artifact>
    <artifact classifier='osgi.bundle' id='org.eclipse.gmf.runtime.emf.clipboard.core' version='1.7.0.201506060219'>
      <properties size='1'>
        <property name='download.size' value='108478'/>
      </properties>
    </artifact>
    <artifact classifier='osgi.bundle' id='org.w3c.dom.smil' version='1.0.1.v200903091627'>
      <properties size='1'>
        <property name='download.size' value='20106'/>
      </properties>
    </artifact>
    <artifact classifier='osgi.bundle' id='org.eclipse.team.core' version='3.7.100.v20150203-1452'>
      <properties size='1'>
        <property name='download.size' value='404817'/>
      </properties>
    </artifact>
    <artifact classifier='osgi.bundle' id='org.eclipse.core.runtime.compatibility.registry' version='3.6.0.v20150318-1505'>
      <properties size='1'>
        <property name='download.size' value='17757'/>
      </properties>
      <repositoryProperties size='1'>
        <property name='artifact.folder' value='true'/>
      </repositoryProperties>
    </artifact>
    <artifact classifier='osgi.bundle' id='org.apache.httpcomponents.httpclient' version='4.4.1'>
      <properties size='1'>
        <property name='download.size' value='729910'/>
      </properties>
    </artifact>
    <artifact classifier='osgi.bundle' id='org.msgpack.core' version='0.7.0.p7'>
      <properties size='1'>
        <property name='download.size' value='124640'/>
      </properties>
    </artifact>
    <artifact classifier='osgi.bundle' id='org.eclipse.ui.navigator' version='3.6.0.v20150422-0725'>
      <properties size='1'>
        <property name='download.size' value='423448'/>
      </properties>
    </artifact>
    <artifact classifier='osgi.bundle' id='org.eclipse.emfforms.common' version='1.8.0.20160216-1319'>
      <properties size='1'>
        <property name='download.size' value='18107'/>
      </properties>
    </artifact>
    <artifact classifier='osgi.bundle' id='org.eclipse.equinox.p2.publisher' version='1.4.0.v20141117-0929'>
      <properties size='1'>
        <property name='download.size' value='95337'/>
      </properties>
    </artifact>
    <artifact classifier='osgi.bundle' id='org.eclipse.emf.ecp.ui.e3' version='1.8.0.20160216-1319'>
      <properties size='1'>
        <property name='download.size' value='94094'/>
      </properties>
    </artifact>
    <artifact classifier='osgi.bundle' id='org.eclipse.graphiti.pattern' version='0.12.2.v20160120-1255'>
      <properties size='1'>
        <property name='download.size' value='69157'/>
      </properties>
    </artifact>
    <artifact classifier='osgi.bundle' id='org.eclipse.emfforms.core.services.emfspecificservice' version='1.8.0.20160216-1319'>
      <properties size='1'>
        <property name='download.size' value='13698'/>
      </properties>
    </artifact>
    <artifact classifier='osgi.bundle' id='eu.vicci.process.graphiti.adapter' version='1.0.0.201711161028'>
      <properties size='1'>
        <property name='download.size' value='23391'/>
      </properties>
    </artifact>
    <artifact classifier='osgi.bundle' id='org.eclipse.emf.ecore.change' version='2.11.0.v20160208-0816'>
      <properties size='1'>
        <property name='download.size' value='87095'/>
      </properties>
    </artifact>
    <artifact classifier='osgi.bundle' id='org.w3c.css.sac' version='1.3.1.v200903091627'>
      <properties size='1'>
        <property name='download.size' value='38584'/>
      </properties>
    </artifact>
    <artifact classifier='osgi.bundle' id='groovy' version='2.3.9'>
      <properties size='1'>
        <property name='download.size' value='4520317'/>
      </properties>
    </artifact>
    <artifact classifier='osgi.bundle' id='org.eclipse.equinox.simpleconfigurator.manipulator' version='2.0.100.v20150423-1455'>
      <properties size='1'>
        <property name='download.size' value='25362'/>
      </properties>
    </artifact>
    <artifact classifier='osgi.bundle' id='org.eclipse.ui.workbench' version='3.107.1.v20160120-2131'>
      <properties size='1'>
        <property name='download.size' value='4083867'/>
      </properties>
    </artifact>
    <artifact classifier='osgi.bundle' id='javax.ws.rs-api' version='2.0.1'>
      <properties size='1'>
        <property name='download.size' value='115534'/>
      </properties>
    </artifact>
    <artifact classifier='osgi.bundle' id='log4j' version='1.2.17'>
      <properties size='1'>
        <property name='download.size' value='489884'/>
      </properties>
    </artifact>
    <artifact classifier='osgi.bundle' id='org.eclipse.emf.ecp.ui.view.swt' version='1.8.0.20160216-1319'>
      <properties size='1'>
        <property name='download.size' value='54813'/>
      </properties>
    </artifact>
    <artifact classifier='osgi.bundle' id='org.eclipse.ui.editors' version='3.9.0.v20150213-1939'>
      <properties size='1'>
        <property name='download.size' value='578283'/>
      </properties>
    </artifact>
    <artifact classifier='osgi.bundle' id='org.eclipse.compare' version='3.5.600.v20150420-1449'>
      <properties size='1'>
        <property name='download.size' value='769552'/>
      </properties>
    </artifact>
    <artifact classifier='osgi.bundle' id='org.eclipse.emf.common.ui' version='2.10.1.v20160208-0841'>
      <properties size='1'>
        <property name='download.size' value='156078'/>
      </properties>
    </artifact>
    <artifact classifier='osgi.bundle' id='org.eclipse.e4.core.contexts' version='1.4.0.v20150828-0818'>
      <properties size='1'>
        <property name='download.size' value='50351'/>
      </properties>
    </artifact>
  </artifacts>
</repository>
